model,rmse,mae,r2
ACN_RF,0.32827900210902433,0.2869915394960569,0.0075778060912387035
ACN_XGB,0.3291773377966349,0.28615431954018195,0.002138846535130967
UEV_RF,0.007954410456969383,0.0034429113365007044,0.9974371360029374
UEV_XGB,0.0072929837442382755,0.0036071996022860892,0.997845631171805
